symbol,publishedDate,title,image,site,text,url
WAT,2024-04-11 14:00:00,Waters Corporation Schedules First Quarter 2024 Earnings Conference Call,https://cdn.snapi.dev/images/v1/c/o/conf12-2367970.jpg,PRNewsWire,"MILFORD, Mass. , April 11, 2024 /PRNewswire/ -- Waters Corporation (NYSE:WAT) will hold its Q1 2024 financial results conference call live on Tuesday, May 7th, 2024 at 8:00 a.m.",https://www.prnewswire.com/news-releases/waters-corporation-schedules-first-quarter-2024-earnings-conference-call-302114711.html
WAT,2024-04-11 10:16:13,Waters (WAT) Boosts Waters Operating Segment With HPLC System,https://cdn.snapi.dev/images/v1/1/x/1871-2367440.jpg,Zacks Investment Research,"Waters (WAT) launches Alliance iS Bio HPLC system to improve efficiency across biopharma QC laboratories, boosting its Waters Operating segment.",https://www.zacks.com/stock/news/2253859/waters-wat-boosts-waters-operating-segment-with-hplc-system?cid=CS-STOCKNEWSAPI-FT-analyst_blog|company_news_-_medical_sector-2253859
WAT,2024-03-18 12:20:18,Waters (WAT) Boosts PFAS Testing Solutions With New Cartridges,https://cdn.snapi.dev/images/v1/h/v/702-2329277.jpg,Zacks Investment Research,"Waters (WAT) launches Oasis WAX/GCB and GCB/WAX Cartridges for PFAS testing, thus boosting the Waters Operating segment.",https://www.zacks.com/stock/news/2242278/waters-wat-boosts-pfas-testing-solutions-with-new-cartridges?cid=CS-STOCKNEWSAPI-FT-analyst_blog|company_news_-_medical_sector-2242278
WAT,2024-03-15 11:06:04,Waters (WAT) Boosts Portfolio Strength With Rheo-IS Accessory,https://cdn.snapi.dev/images/v1/w/v/604-2326735.jpg,Zacks Investment Research,"Waters (WAT) unveils Rheo-IS accessory for its TA Instruments Discovery Hybrid Rheometers, bolstering its overall portfolio.",https://www.zacks.com/stock/news/2241440/waters-wat-boosts-portfolio-strength-with-rheo-is-accessory?cid=CS-STOCKNEWSAPI-FT-analyst_blog|company_news_-_medical_sector-2241440
WAT,2024-03-07 12:36:55,Why Is Waters (WAT) Up 7.9% Since Last Earnings Report?,https://cdn.snapi.dev/images/v1/k/p/default31-2313779.jpg,Zacks Investment Research,Waters (WAT) reported earnings 30 days ago. What's next for the stock?,https://www.zacks.com/stock/news/2237471/why-is-waters-wat-up-7-9-since-last-earnings-report?cid=CS-STOCKNEWSAPI-FT-realtime_blog-2237471
WAT,2024-02-29 11:16:05,Waters (WAT) Boosts LC Solutions Portfolio With New Software,https://cdn.snapi.dev/images/v1/b/w/1871-2301628.jpg,Zacks Investment Research,"Waters (WAT) unveils HPLC CONNECT software, bolstering its liquid chromatography solutions portfolio.",https://www.zacks.com/stock/news/2233962/waters-wat-boosts-lc-solutions-portfolio-with-new-software?cid=CS-STOCKNEWSAPI-FT-analyst_blog|company_news_-_medical_sector-2233962
WAT,2024-02-22 14:00:00,Waters Corporation to Present at the TD Cowen 44th Annual Health Care Conference,https://cdn.snapi.dev/images/v1/l/d/conf3-2289467.jpg,PRNewsWire,"MILFORD, Mass. , Feb. 22, 2024 /PRNewswire/ -- Waters Corporation (NYSE:WAT) announced that Udit Batra Ph.D.",https://www.prnewswire.com/news-releases/waters-corporation-to-present-at-the-td-cowen-44th-annual-health-care-conference-302069134.html
WAT,2024-02-15 06:11:00,Buy the Dip: 3 Oversold Stocks Poised for Big Gains,https://cdn.snapi.dev/images/v1/v/a/oversold-stocks-to-buy-2277541.jpg,InvestorPlace,Traders can benefit from applying Relative Strength Index (RSI) signals in prevailing market conditions. One approach to consider which oversold stocks to buy is to wait for the RSI to cross back above 30% before considering an entry.,https://investorplace.com/2024/02/buy-the-dip-3-oversold-stocks-poised-for-big-gains/
WAT,2024-02-06 14:36:09,"Waters (WAT) Q4 Earnings & Sales Beat Estimates, Fall Y/Y",https://cdn.snapi.dev/images/v1/o/j/53200-2262910.jpg,Zacks Investment Research,"Waters' (WAT) fourth-quarter results reflect weak end-market momentum. Also, softness in Asia is concerning.",https://www.zacks.com/stock/news/2222039/waters-wat-q4-earnings-sales-beat-estimates-fall-y-y?cid=CS-STOCKNEWSAPI-FT-analyst_blog|earnings_article-2222039
WAT,2024-02-06 12:50:30,Waters Corporation (WAT) Q4 2023 Earnings Call Transcript,https://cdn.snapi.dev/images/v1/k/t/transcript22-2262759.jpg,Seeking Alpha,Waters Corporation (WAT) Q4 2023 Earnings Call Transcript,https://seekingalpha.com/article/4667888-waters-corporation-wat-q4-2023-earnings-call-transcript
WAT,2024-02-06 10:46:06,Waters (WAT) Q4 Earnings: Taking a Look at Key Metrics Versus Estimates,https://cdn.snapi.dev/images/v1/o/u/default33-2262427.jpg,Zacks Investment Research,"The headline numbers for Waters (WAT) give insight into how the company performed in the quarter ended December 2023, but it may be worthwhile to compare some of its key metrics to Wall Street estimates and the year-ago actuals.",https://www.zacks.com/stock/news/2221741/waters-wat-q4-earnings-taking-a-look-at-key-metrics-versus-estimates?cid=CS-STOCKNEWSAPI-FT-fundamental_analysis|nfm-2221741
WAT,2024-02-06 09:05:20,Waters (WAT) Beats Q4 Earnings and Revenue Estimates,https://cdn.snapi.dev/images/v1/o/3/default11-2262063.jpg,Zacks Investment Research,"Waters (WAT) came out with quarterly earnings of $3.62 per share, beating the Zacks Consensus Estimate of $3.56 per share. This compares to earnings of $3.84 per share a year ago.",https://www.zacks.com/stock/news/2221581/waters-wat-beats-q4-earnings-and-revenue-estimates?cid=CS-STOCKNEWSAPI-FT-tale_of_the_tape|yseop_template_4-2221581
WAT,2024-02-02 11:06:04,Waters (WAT) to Report Q4 Earnings: What's in the Offing?,https://cdn.snapi.dev/images/v1/l/b/595-2258031.jpg,Zacks Investment Research,Waters' (WAT) fourth-quarter 2023 results are likely to reflect strength in the large molecule market and Waters services business amid weakening demand in China.,https://www.zacks.com/stock/news/2220354/waters-wat-to-report-q4-earnings-what-s-in-the-offing?cid=CS-STOCKNEWSAPI-FT-analyst_blog|earnings_preview-2220354
WAT,2024-02-01 10:21:09,What Analyst Projections for Key Metrics Reveal About Waters (WAT) Q4 Earnings,https://cdn.snapi.dev/images/v1/j/j/default18-2255694.jpg,Zacks Investment Research,Get a deeper insight into the potential performance of Waters (WAT) for the quarter ended December 2023 by going beyond Wall Street's top -and-bottom-line estimates and examining the estimates for some of its key metrics.,https://www.zacks.com/stock/news/2219380/what-analyst-projections-for-key-metrics-reveal-about-waters-wat-q4-earnings?cid=CS-STOCKNEWSAPI-FT-fundamental_analysis|nfm_preview-2219380
WAT,2024-01-09 12:21:05,Waters Corporation (WAT) Presents at 42nd Annual J.P. Morgan Healthcare Conference (Transcript),https://cdn.snapi.dev/images/v1/t/y/transcript31-2222659.jpg,Seeking Alpha,Waters Corporation (WAT) Presents at 42nd Annual J.P. Morgan Healthcare Conference (Transcript),https://seekingalpha.com/article/4661964-waters-corporation-wat-presents-42nd-annual-j-p-morgan-healthcare-conference-transcript
WAT,2023-12-21 13:50:00,Waters Corporation to Present at the 42nd Annual J.P. Morgan Healthcare Conference,https://cdn.snapi.dev/images/v1/a/n/conf16-2205558.jpg,PRNewsWire,"MILFORD, Mass., Dec. 21, 2023 /PRNewswire/ -- Waters Corporation (NYSE:WAT) announced that Udit Batra Ph.D.",https://www.prnewswire.com/news-releases/waters-corporation-to-present-at-the-42nd-annual-jp-morgan-healthcare-conference-302021242.html
WAT,2023-12-07 12:48:24,Why Is Waters (WAT) Up 13.2% Since Last Earnings Report?,https://cdn.snapi.dev/images/v1/i/q/default27-2188048.jpg,Zacks Investment Research,Waters (WAT) reported earnings 30 days ago. What's next for the stock?,https://www.zacks.com/stock/news/2194963/why-is-waters-wat-up-13-2-since-last-earnings-report
WAT,2023-11-16 13:06:00,Waters Corporation to Present at the Evercore ISI HealthCONx 2023 Health Care Conference,https://cdn.snapi.dev/images/v1/b/j/conf8-2162034.jpg,PRNewsWire,"MILFORD, Mass. , Nov. 16, 2023 /PRNewswire/ -- Waters Corporation (NYSE: WAT) announced that Udit Batra Ph.D.",https://www.prnewswire.com/news-releases/waters-corporation-to-present-at-the-evercore-isi-healthconx-2023-health-care-conference-301991120.html
WAT,2023-11-07 14:17:21,"Waters (WAT) Q3 Earnings Beat Estimates, Revenues Rise Y/Y",https://cdn.snapi.dev/images/v1/2/u/53795-2144920.jpg,Zacks Investment Research,"Waters' (WAT) Q3 results benefit from a strong Pharmaceutical market, as well as a strong contribution from the Wyatt acquisition.",https://www.zacks.com/stock/news/2180302/waters-wat-q3-earnings-beat-estimates-revenues-rise-y-y
WAT,2023-11-07 12:59:08,Waters Corporation (WAT) Q3 2023 Earnings Call Transcript,https://cdn.snapi.dev/images/v1/i/k/transcript43-2144748.jpg,Seeking Alpha,"Waters Corporation (NYSE:WAT ) Q3 2023 Earnings Conference Call November 7, 2023 8:00 AM ET Company Participants Caspar Tudor – Head-Investor Relations Udit Batra – President and Chief Executive Officer Amol Chaubal – Senior Vice President and Chief Financial Officer Conference Call Participants Vijay Kumar – Evercore ISI Dan Brennan – TD Cowen Matt Sykes – Goldman Sachs Derik De Bruin – Bank of America Rachel Vatnsdal – JPMorgan Eve Burstein – Bernstein Research Operator Good morning. Welcome to the Waters Corporation Third Quarter 2023 Financial Results Conference Call.",https://seekingalpha.com/article/4648575-waters-corporation-wat-q3-2023-earnings-call-transcript
WAT,2023-11-06 11:17:33,Curious about Waters (WAT) Q3 Performance? Explore Wall Street Estimates for Key Metrics,https://cdn.snapi.dev/images/v1/9/z/default211-2141903.jpg,Zacks Investment Research,"Evaluate the expected performance of Waters (WAT) for the quarter ended September 2023, looking beyond the conventional Wall Street top-and-bottom-line estimates and examining some of its key metrics for better insight.",https://www.zacks.com/stock/news/2179272/curious-about-waters-wat-q3-performance-explore-wall-street-estimates-for-key-metrics
WAT,2023-11-03 15:02:13,Waters (WAT) to Report Q3 Earnings: What's in the Offing?,https://cdn.snapi.dev/images/v1/r/q/53795-2139809.jpg,Zacks Investment Research,Waters' (WAT) third-quarter 2023 results are likely to reflect strength in liquid chromatography instruments and mass spectrometers amid uncertainties in the global economy.,https://www.zacks.com/stock/news/2178383/waters-wat-to-report-q3-earnings-what-s-in-the-offing
WAT,2023-10-25 12:11:00,"Among the S&P 500, these 20 companies have made the best use of investors' money",https://cdn.snapi.dev/images/v1/o/f/im-874932size1777777777777778width800-2120462.jpg,Market Watch,"There is no easy way to select individual stocks. Measures of financial quality can highlight companies that are worth a closer look, but a decision to commit money must also take into consideration both recent developments and a look ahead.",https://www.marketwatch.com/story/among-the-s-p-500-these-20-companies-have-made-the-best-use-of-investors-money-dc4637b9
WAT,2023-10-05 12:47:32,Waters (WAT) Boosts Mass Spectrometry Clientele With Latest Move,https://cdn.snapi.dev/images/v1/l/x/36600-2091927.jpg,Zacks Investment Research,Waters (WAT) partners with the University of San Agustin to provide the latter with technology equipment in its newly developed mass spectrometry imaging center in the Philippines.,https://www.zacks.com/stock/news/2160901/waters-wat-boosts-mass-spectrometry-clientele-with-latest-move
WAT,2023-09-27 18:07:02,"Waters Corporation: Buybacks Ceased, Incremental Returns Languishing (Rating Downgrade)",https://cdn.snapi.dev/images/v1/e/1/image-1257405518-2080920.jpg,Seeking Alpha,"Waters Corporation has pushed lower into H2 FY'23, in continuation of the longer-term downtrend. WAT's acquisition of Wyatt Technology was a large premium that to me signaled a lack of profitable investment runway. Despite exceptional returns on existing capital, the incremental returns don't match these numbers, clamping earnings and FCF growth.",https://seekingalpha.com/article/4637779-waters-corporation-buybacks-ceased-incremental-returns-languishing-rating-downgrade
WAT,2023-09-27 18:00:59,"Waters Has Made Progress In Repositioning The Business, And The Valuation Is Much More Accommodating Now",https://cdn.snapi.dev/images/v1/z/5/image-1289625867-2080937.jpg,Seeking Alpha,"Waters Corporation has seen a significant hit to its share price as momentum has left the life sciences tools space and as spending from the key biopharma end-market has corrected. Biopharma spending likely won't return to the torrid pace of the boom years, but ongoing investments into discovery tools, production equipment, and QA/QC equipment should drive healthy growth. The company's presence in industrial markets, such as food and water quality testing, provides a steady source of profitability and growth potential in areas like battery testing and sustainable polymers.",https://seekingalpha.com/article/4637778-waters-made-progress-in-repositioning-business-and-valuation-is-much-accommodating-now
WAT,2023-09-14 21:02:10,Waters Corporation (WAT) Bank of America Global Healthcare Conference 2023 (Transcript),https://cdn.snapi.dev/images/v1/8/k/transcript9-2064740.jpg,Seeking Alpha,"Waters Corporation (NYSE:WAT ) Bank of America Global Healthcare Conference 2023 Call September 13, 2023 8:20 AM ET Company Participants Udit Batra - President and Chief Executive Officer Conference Call Participants Derik De Bruin - Bank of America Merrill Lynch Derik De Bruin Good afternoon, and welcome to Bank of America's Global Healthcare Conference Community Live from London. I'm Derik De Bruin, the Senior U.S. Life Sciences and Diagnostics Tools analyst, and it is my pleasure to welcome our next company, which is Waters Corp. Today with me, we have Dr. Udit Batra, President and CEO of Waters.",https://seekingalpha.com/article/4635322-waters-corporation-wat-bank-of-america-global-healthcare-conference-2023-transcript
WAT,2023-09-13 13:31:20,Waters (WAT) Walk-Up Solutions Boost Bioprocess Development,https://cdn.snapi.dev/images/v1/l/l/2633-2062167.jpg,Zacks Investment Research,"Waters (WAT) launches new bioprocess walk-up solutions, automating sample prep and analysis from any bioreactor.",https://www.zacks.com/stock/news/2148469/waters-wat-walk-up-solutions-boost-bioprocess-development
WAT,2023-09-04 08:07:07,Robo-Lab Stocks: 3 Robotics Companies Changing the Research Game,https://cdn.snapi.dev/images/v1/z/f/robot-tech-stocks-2048141.png,InvestorPlace,"Here's a look at 3 leading robo-lab company stocks. When you think of dexterous professions, you often think of doctors or musicians.",https://investorplace.com/2023/09/robo-lab-stocks-3-robotics-companies-changing-the-research-game/
WAT,2023-08-30 11:00:00,Waters Corporation to Present at the Bank of America Global Healthcare Conference 2023,https://cdn.snapi.dev/images/v1/n/g/conf5-2043318.jpg,PRNewsWire,"MILFORD, Mass. , Aug. 30, 2023 /PRNewswire/ -- Waters Corporation (NYSE:WAT) announced that Udit Batra Ph.D.",https://www.prnewswire.com/news-releases/waters-corporation-to-present-at-the-bank-of-america-global-healthcare-conference-2023-301913899.html
WAT,2023-08-02 14:12:12,"Waters (WAT) Q2 Earnings & Sales Beat Estimates, Rise Y/Y",https://cdn.snapi.dev/images/v1/3/e/35363-2002185.jpg,Zacks Investment Research,"Waters' (WAT) second-quarter results benefit from solid momentum in the industrial, and government and academic markets.",https://www.zacks.com/stock/news/2131308/waters-wat-q2-earnings-sales-beat-estimates-rise-y-y
WAT,2023-08-02 11:12:57,Waters (WAT) Q2 Earnings: Taking a Look at Key Metrics Versus Estimates,https://cdn.snapi.dev/images/v1/c/e/default42-2001841.jpg,Zacks Investment Research,"Although the revenue and EPS for Waters (WAT) give a sense of how its business performed in the quarter ended June 2023, it might be worth considering how some key metrics compare with Wall Street estimates and the year-ago numbers.",https://www.zacks.com/stock/news/2131084/waters-wat-q2-earnings-taking-a-look-at-key-metrics-versus-estimates
WAT,2023-08-02 09:44:57,Waters (WAT) Q2 Earnings and Revenues Top Estimates,https://cdn.snapi.dev/images/v1/s/f/default20-2001584.jpg,Zacks Investment Research,"Waters (WAT) came out with quarterly earnings of $2.80 per share, beating the Zacks Consensus Estimate of $2.59 per share. This compares to earnings of $2.75 per share a year ago.",https://www.zacks.com/stock/news/2130924/waters-wat-q2-earnings-and-revenues-top-estimates
WAT,2023-07-28 14:00:29,Waters (WAT) to Report Q2 Earnings: What's in the Offing?,https://cdn.snapi.dev/images/v1/w/p/35723-1995167.jpg,Zacks Investment Research,Waters' (WAT) second-quarter 2023 results are likely to reflect strength in liquid chromatography instruments and mass spectrometers amid uncertainties in the global economy.,https://www.zacks.com/stock/news/2129604/waters-wat-to-report-q2-earnings-what-s-in-the-offing
WAT,2023-07-18 15:02:07,Waters Corporation: Temporary Headwinds Present A Buying Opportunity,https://cdn.snapi.dev/images/v1/p/x/image-1172199070-1976701.jpg,Seeking Alpha,Waters Corporation operates in a fast-growing industry with multiple tailwinds and has a compelling business model. The life science company is being impacted by the declining R&D spending in the biotech and pharmaceutical industries. The headwinds should be temporary as R&D spending are crucial to the competitive advantages of pharmaceutical companies.,https://seekingalpha.com/article/4617882-waters-corporation-temporary-headwinds-presents-a-buying-opportunity
WAT,2023-07-05 14:19:00,Waters Corporation Schedules Second Quarter 2023 Earnings Conference Call,https://cdn.snapi.dev/images/v1/a/l/conf20-1959376.jpg,PRNewsWire,"MILFORD, Mass. , July 5, 2023 /PRNewswire/ -- Waters Corporation (NYSE:WAT) will hold its Q2 2023 financial results conference call live on Wednesday, August 2 nd, 2023, at 8:00 a.m.",https://www.prnewswire.com/news-releases/waters-corporation-schedules-second-quarter-2023-earnings-conference-call-301870446.html
WAT,2023-06-16 10:06:08,3 Instruments Stocks to Watch From a Prospering Industry,https://cdn.snapi.dev/images/v1/7/h/7h3222-1937620.jpg,Zacks Investment Research,"The Zacks Instruments - Scientific industry participants like Harvard Bioscience (HBIO), Mettler-Toledo (MTD) and Waters (WAT) are gaining from strong life science, pharmaceutical and academic end-market demand despite the challenging macroeconomic environment.",https://www.zacks.com/commentary/2109254/3-instruments-stocks-to-watch-from-a-prospering-industry
WAT,2023-06-08 12:38:34,Why Is Waters (WAT) Down 5.6% Since Last Earnings Report?,https://cdn.snapi.dev/images/v1/h/r/medical28-1926935.jpg,Zacks Investment Research,Waters (WAT) reported earnings 30 days ago. What's next for the stock?,https://www.zacks.com/stock/news/2105868/why-is-waters-wat-down-5-6-since-last-earnings-report
WAT,2023-05-25 17:36:32,Waters: A Solid Medical Devices Company,https://cdn.snapi.dev/images/v1/e/m/medical1-1908696.jpg,GuruFocus,"In the first quarter of 2023, eight investing gurus bought shares of Waters Corp. ( WAT , Financial), and only one sold. Why all that interest?",https://www.gurufocus.com/news/2008375/waters-a-solid-medical-devices-company
WAT,2023-05-23 13:11:00,Waters Corporation to Present at the Jefferies 2023 Healthcare Conference,https://cdn.snapi.dev/images/v1/d/a/conf19-1903914.jpg,PRNewsWire,"MILFORD, Mass. , May 23, 2023 /PRNewswire/ -- Waters Corporation (NYSE:WAT) announced that Udit Batra Ph.D.",https://www.prnewswire.com/news-releases/waters-corporation-to-present-at-the-jefferies-2023-healthcare-conference-301832482.html
WAT,2023-05-09 12:16:06,Waters Corporation (WAT) Q1 2023 Earnings Call Transcript,https://cdn.snapi.dev/images/v1/5/r/transcript39-1880055.jpg,Seeking Alpha,"Waters Corporation (NYSE:WAT ) Q1 2023 Earnings Conference Call May 9, 2023 8:00 AM ET Company Participants Caspar Tudor - Head of Investor Relations Udit Batra - President and Chief Executive Officer Geof Wyatt - Chief Executive Officer, Wyatt Technology Cliff Wyatt - President, Wyatt Technology Amol Chaubal - Senior Vice President and Chief Financial Officer Conference Call Participants Luke Sergott - Barclays Vijay Kumar - Evercore ISI Dan Brennan - TD Cowen Matt Sykes - Goldman Sachs Derik De Bruin - Bank of America Merrill Lynch Josh Waldman - Cleveland Research Rachel Vatnsdal - JPMorgan Operator Good morning. Welcome to the Waters Corporation First Quarter 2023 Financial Results Conference Call.",https://seekingalpha.com/article/4601988-waters-corporation-wat-q1-2023-earnings-call-transcript
WAT,2023-05-09 12:13:29,"Waters (WAT) Q1 Earnings & Sales Miss Estimates, Down Y/Y",https://cdn.snapi.dev/images/v1/x/y/medical8-1880035.jpg,Zacks Investment Research,Waters' (WAT) first-quarter results reflect softness in the pharmaceutical market and a slowdown in instruments sales.,https://www.zacks.com/stock/news/2092504/waters-wat-q1-earnings-sales-miss-estimates-down-y-y
WAT,2023-05-08 12:57:22,Waters (WAT) to Report Q1 Earnings: What's in the Offing?,https://cdn.snapi.dev/images/v1/l/d/medical13-1877493.jpg,Zacks Investment Research,Waters' (WAT) first-quarter 2023 results are likely to reflect the impacts of product portfolio strength and solid momentum across its end markets.,https://www.zacks.com/stock/news/2091656/waters-wat-to-report-q1-earnings-what-s-in-the-offing
WAT,2023-05-02 11:10:00,"China-Exposed Stocks Have Rallied, but Bargains Still Exist, Says Analyst",https://cdn.snapi.dev/images/v1/s/t/stocks8-35-1420713-1865971.jpg,Barrons,"Jefferies analyst Desh Peramunetilleke says cheap stocks set to benefit from China's rebound include Keysight, Qualcomm, Agilent, Danaher, and Corning.",https://www.barrons.com/articles/china-exposed-stock-bargains-ea164a2e
WAT,2023-04-17 14:53:00,Waters Corporation Schedules First Quarter 2023 Earnings Conference Call,https://cdn.snapi.dev/images/v1/t/u/conf4-1840276.jpg,Business Wire,"MILFORD, Mass.--(BUSINESS WIRE)--Waters Corporation (NYSE:WAT) will hold its Q1 2023 financial results conference call live on Tuesday, May 9th 2023 at 8:00 a.m. Eastern Time. A live webcast of the presentation will be available on Waters' investor relations website at https://ir.waters.com. A replay of the webcast will also be available until at least May 23rd, 2023, at midnight eastern time.",https://www.businesswire.com/news/home/20230417005753/en/Waters-Corporation-Schedules-First-Quarter-2023-Earnings-Conference-Call/
WAT,2023-04-10 12:56:43,Waters (WAT) Expands Portfolio With New Mass Spectrometer,https://cdn.snapi.dev/images/v1/b/b/medical4-1831157.jpg,Zacks Investment Research,"Waters (WAT) unveils the Xevo TQ Absolute IVD Mass Spectrometer for Clinical Analyte Detection, which enables low-volume clinical sample testing.",https://www.zacks.com/stock/news/2076364/waters-wat-expands-portfolio-with-new-mass-spectrometer
WAT,2023-03-27 13:45:20,2 Instruments Stocks to Watch From a Challenging Industry,https://cdn.snapi.dev/images/v1/3/f/3fre321-1813942.jpg,Zacks Investment Research,"The Zacks Instruments - Scientific industry participants like Mettler-Toledo (MTD) and Waters (WAT) are gaining from strong life science, pharmaceutical and academic end-market demand despite the challenging macroeconomic environment.",https://www.zacks.com/commentary/2070962/2-instruments-stocks-to-watch-from-a-challenging-industry
WAT,2023-03-22 13:00:41,"Waters (WAT) Launches Alliance iS, Expands HPLC Offerings",https://cdn.snapi.dev/images/v1/k/3/medical9-1808315.jpg,Zacks Investment Research,Waters (WAT) unveils HPLC System called Alliance iS to strengthen the liquid chromatography instruments business.,https://www.zacks.com/stock/news/2069208/waters-wat-launches-alliance-is-expands-hplc-offerings
WAT,2023-03-21 13:00:20,Waters (WAT) Expands TA Segment Offerings With New Solution,https://cdn.snapi.dev/images/v1/f/t/medical4-1806495.jpg,Zacks Investment Research,Waters (WAT) unveils its Battery Cycler Microcalorimeter Solution to strengthen its TA instrument division.,https://www.zacks.com/stock/news/2068662/waters-wat-expands-ta-segment-offerings-with-new-solution
WAT,2023-03-07 11:53:43,"Waters: Great Growth Gem, A Bit Pricey",https://cdn.snapi.dev/images/v1/e/f/image-1368264124-1785971.jpg,Seeking Alpha,"Waters is a very interesting long-term steady growth gem, combining bolt-on dealmaking with organic growth and continued share buybacks. This is to be applauded, although shares are awarded a current steep 27 times forward multiple.",https://seekingalpha.com/article/4585221-waters-wat-great-growth-gem-bit-pricey
WAT,2023-02-15 14:18:07,"Waters (WAT) Q4 Earnings Surpass Estimates, Sales Rise Y/Y",https://cdn.snapi.dev/images/v1/7/x/medical6-1755859.jpg,Zacks Investment Research,Waters' (WAT) fourth-quarter results reflect gains from strong momentum across the industrial end and strong performances in the Americas.,https://www.zacks.com/stock/news/2054861/waters-wat-q4-earnings-surpass-estimates-sales-rise-y-y
WAT,2023-02-15 12:08:02,Waters Corporation (WAT) Q4 2022 Earnings Call Transcript,https://cdn.snapi.dev/images/v1/b/p/transcript7-1755610.jpg,Seeking Alpha,"Waters Corporation (NYSE:WAT ) Q4 2022 Earnings Conference Call February 15, 2023 8:00 AM ET Company Participants Caspar Tudor - Head of Investor Relations Udit Batra - President and Chief Executive Officer Geof Wyatt - Chief Executive Officer, Wyatt Technology Cliff Wyatt - President, Wyatt Technology Amol Chaubal - Senior Vice President and Chief Financial Officer Conference Call Participants Luke Sergott - Barclays Vijay Kumar - Evercore Matt Sykes - Goldman Sachs Dan Brennan - Cowen Derik De Bruin - Bank of America Rachel Vatnsdal - JPMorgan Josh Waldman - Cleveland Research Jack Meehan - Nephron Research Patrick Donnelly - Citi Puneet Souda - SVB Securities Operator Good morning and welcome to the Waters Corporation Fourth Quarter 2022 Financial Results Conference Call. All participants will be in a listen-only mode until the question-and-answer session of today's call.",https://seekingalpha.com/article/4578603-waters-corporation-wat-q4-2022-earnings-call-transcript
WAT,2023-02-15 09:47:30,Waters (WAT) Q4 Earnings and Revenues Beat Estimates,https://cdn.snapi.dev/images/v1/m/a/medical30-1755153.jpg,Zacks Investment Research,"Waters (WAT) delivered earnings and revenue surprises of 2.67% and 3.28%, respectively, for the quarter ended December 2022. Do the numbers hold clues to what lies ahead for the stock?",https://www.zacks.com/stock/news/2054502/waters-wat-q4-earnings-and-revenues-beat-estimates
WAT,2023-02-14 13:33:05,Waters (WAT) to Report Q4 Earnings: What's in the Offing?,https://cdn.snapi.dev/images/v1/f/y/medical25-1753510.jpg,Zacks Investment Research,"Waters' (WAT) fourth-quarter 2022 results are likely to reflect strength in liquid chromatography instruments and mass spectrometers, and solid end-market momentum.",https://www.zacks.com/stock/news/2054253/waters-wat-to-report-q4-earnings-what-s-in-the-offing
WAT,2023-02-02 13:33:18,Why Waters (WAT) Could Beat Earnings Estimates Again,https://cdn.snapi.dev/images/v1/s/t/medical22-1736314.jpg,Zacks Investment Research,Waters (WAT) has an impressive earnings surprise history and currently possesses the right combination of the two key ingredients for a likely beat in its next quarterly report.,https://www.zacks.com/stock/news/2048584/why-waters-wat-could-beat-earnings-estimates-again
WAT,2023-02-01 23:05:23,Waters Corp.: Now Best Price-Positioned Medical Services Stock,https://cdn.snapi.dev/images/v1/e/r/image-1220627489-1734770.jpg,Seeking Alpha,"Risk~reward tradeoffs and net payoffs offered by this group are better than those of most S&P 500 Index stocks and of most other Market-Maker [MM] forecast securities. They also outdo the prospects of many stocks widely-held by Seeking Alpha readers, contributors, and commenters.",https://seekingalpha.com/article/4574461-waters-stock-now-best-price-positioned-medical-services-stock
WAT,2023-01-19 09:47:08,5 Technology Stocks Set to Top Estimates This Earnings Season,https://cdn.snapi.dev/images/v1/k/2/semi22-1714682.jpg,Zacks Investment Research,"Here's a sneak peek into five technology stocks, which hold the potential to surpass fourth-quarter 2022 estimates.",https://www.zacks.com/stock/news/2041212/5-technology-stocks-set-to-top-estimates-this-earnings-season
WAT,2023-01-18 15:05:00,Waters Corporation Schedules Fourth Quarter 2022 Earnings Conference Call,https://cdn.snapi.dev/images/v1/k/q/conf13-1713403.jpg,Business Wire,"MILFORD, Mass.--( BUSINESS WIRE )--Waters Corporation (NYSE:WAT) will hold its Q4 2022 financial results conference call live on Wednesday, February 15th 2023 at 8:00 a.m. eastern time. A live webcast of the presentation will be available on Waters' investor relations website at https://ir.waters.com. A replay of the webcast will also be available until at least March 1st, 2023, at midnight eastern time.",https://www.businesswire.com/news/home/20230118005909/en/Waters-Corporation-Schedules-Fourth-Quarter-2022-Earnings-Conference-Call/
WAT,2023-01-12 11:25:25,Waters Corporation (WAT) 41st Annual J.P. Morgan Healthcare Conference (Transcript),https://cdn.snapi.dev/images/v1/u/9/transcript36-1706461.jpg,Seeking Alpha,"Waters Corporation (NYSE:WAT ) 41st Annual J.P. Morgan Healthcare Conference Call January 9, 2023 7:30 PM ET Company Participants Udit Batra - President and Chief Executive Officer Conference Call Participants Rachel Vatnsdal - JPMorgan Chase & Co. Rachel Vatnsdal Perfect.",https://seekingalpha.com/article/4569539-waters-corporation-wat-41st-annual-j-p-morgan-healthcare-conference-transcript
WAT,2023-01-03 12:02:09,3 Instruments Stocks to Watch From a Challenging Industry,https://cdn.snapi.dev/images/v1/p/y/top-stocks-to-buy-today-as-sp-500-drops-amid-recovery-rally-1693414.jpg,Zacks Investment Research,"The Zacks Instruments - Scientific industry participants like Mettler-Toledo (MTD), PerkinElmer (PKI) and Waters (WAT) are gaining from strong life science, pharmaceutical and academic end-market demand despite lingering effects of COVID-19.",https://www.zacks.com/commentary/2034538/3-instruments-stocks-to-watch-from-a-challenging-industry
WAT,2022-12-19 16:16:00,Waters Corporation Presentation at the 41st Annual J.P. Morgan Healthcare Conference to Be Audio Webcast Live,https://cdn.snapi.dev/images/v1/d/4/conf9-1681190.jpg,Business Wire,"MILFORD, Mass.--( BUSINESS WIRE )--Waters Corporation (NYSE:WAT) Udit Batra Ph.D., President and Chief Executive Officer, will speak to the investment community at the J.P. Morgan Healthcare Conference on Monday, January 9th, 2023 at 4:30PM Pacific Standard Time / 1:30PM Eastern Standard Time.",https://www.businesswire.com/news/home/20221219005771/en/Waters-Corporation-Presentation-at-the-41st-Annual-J.P.-Morgan-Healthcare-Conference-to-Be-Audio-Webcast-Live/
WAT,2022-11-18 12:37:57,Waters Corporation: Still A Hold,https://cdn.snapi.dev/images/v1/n/q/image-1358927461-1644009.jpg,Seeking Alpha,"Waters Corporation reported its third quarter results, and while the top line could increase with a solid pace, the bottom line stagnated. Over the long run, we can expect Waters Corporation to grow in the high single digits (or probably even double digits) by revenue growth, margin expansion and share buybacks.",https://seekingalpha.com/article/4559081-waters-corporation-still-a-hold
WAT,2022-11-17 13:56:00,Waters Corporation Presentation at the Evercore ISI HealthconX 2022 Virtual Health Care Conference to Be Webcast Live,https://cdn.snapi.dev/images/v1/o/c/conf1-1642552.jpg,Business Wire,"MILFORD, Mass.--( BUSINESS WIRE )--Waters Corporation (NYSE:WAT) Udit Batra Ph.D., President and Chief Executive Officer, will participate at the Evercore ISI HealthconX Conference virtually with a fireside on Tuesday, November 29th, 2022 from 1:00-1:45PM Eastern Standard Time.",https://www.businesswire.com/news/home/20221117006052/en/Waters-Corporation-Presentation-at-the-Evercore-ISI-HealthconX-2022-Virtual-Health-Care-Conference-to-Be-Webcast-Live/
WAT,2022-11-16 16:55:25,"Waters Corporation: Tactical Buy Seeking Upside Objectives Of $345, $363",https://cdn.snapi.dev/images/v1/a/e/image-1384297905-1640856.jpg,Seeking Alpha,"We are more constructive on Waters Corporation given the trending broad market, improving technicals, and growth forecasts looking ahead. Waters Corporation continues to create future value for shareholders.",https://seekingalpha.com/article/4558570-waters-corporation-tactical-buy-seeking-upside-objectives-of-345-363
WAT,2022-11-01 18:04:10,"Waters (WAT) Q3 Earnings Surpass Estimates, Sales Rise Y/Y",https://cdn.snapi.dev/images/v1/y/3/medical9-1612014.jpg,Zacks Investment Research,"Waters' (WAT) third-quarter results reflect gains from strong momentum across the industrial, government and academic end markets.",https://www.zacks.com/stock/news/2012113/waters-wat-q3-earnings-surpass-estimates-sales-rise-y-y
WAT,2022-11-01 10:50:29,Waters Corporation (WAT) Q3 2022 Earnings Call Transcript,https://cdn.snapi.dev/images/v1/y/5/transcript28-1610733.jpg,Seeking Alpha,"Waters Corporation (NYSE:WAT ) Q3 2022 Earnings Conference Call November 1, 2022 8:00 AM ET Company Participants Caspar Tudor - Head of Investor Relations Udit Batra - President and Chief Executive Officer Amol Chaubal - SVP, Chief Financial Officer Conference Call Participants Vijay Kumar - Evercore ISI Dan Brennan - Cowen and Company Matt Sykes - Goldman Sachs Luke Sergott - Barclays Rachel Vatnsdal - JPMorgan Mike Ryskin - Bank of America Merrill Lynch Operator Good morning and welcome to the Waters Corporation Third Quarter 2022 Financial Results Conference Call. All participants will be in a listen-only mode until the question-and-answer session of today's call.",https://seekingalpha.com/article/4551446-waters-corporation-wat-q3-2022-earnings-call-transcript
WAT,2022-11-01 09:48:43,Waters (WAT) Surpasses Q3 Earnings and Revenue Estimates,https://cdn.snapi.dev/images/v1/g/h/medical4-1610535.jpg,Zacks Investment Research,"Waters (WAT) delivered earnings and revenue surprises of 2.72% and 4.15%, respectively, for the quarter ended September 2022. Do the numbers hold clues to what lies ahead for the stock?",https://www.zacks.com/stock/news/2011575/waters-wat-surpasses-q3-earnings-and-revenue-estimates
WAT,2022-10-27 15:48:11,Waters (WAT) to Report Q3 Earnings: What's in the Offing?,https://cdn.snapi.dev/images/v1/j/q/medical23-1604174.jpg,Zacks Investment Research,Waters' (WAT) third-quarter 2022 results are likely to reflect the impacts of product portfolio strength and large molecule momentum.,https://www.zacks.com/stock/news/1998884/waters-wat-to-report-q3-earnings-what-s-in-the-offing
WAT,2022-10-13 16:34:10,Waters (WAT) to Attract Scientists With Extraction+ Device,https://cdn.snapi.dev/images/v1/l/d/medical26-1582268.jpg,Zacks Investment Research,"Waters (WAT) unveils the Extraction+ Connected Device for the Waters Andrew+ Pipetting Robot. The device automates solid phase extraction methods, saving bench time for each sample set.",https://www.zacks.com/stock/news/1991759/waters-wat-to-attract-scientists-with-extraction-device
WAT,2022-10-13 11:18:42,3 Stocks to Watch on Rising Demand for Scientific Instruments,https://cdn.snapi.dev/images/v1/g/l/medical22-1581660.jpg,Zacks Investment Research,"The Zacks Instruments - Scientific industry participants like Mettler-Toledo (MTD), Waters (WAT) and PerkinElmer (PKI) are gaining from strong life science, pharmaceutical and academic end-market demand, as well as rising healthcare spending.",https://www.zacks.com/commentary/1991499/3-stocks-to-watch-on-rising-demand-for-scientific-instruments
WAT,2022-10-05 15:25:00,Waters Corporation Schedules Third Quarter 2022 Earnings Conference Call,https://cdn.snapi.dev/images/v1/j/4/conf7-1570892.jpg,Business Wire,"MILFORD, Mass.--(BUSINESS WIRE)--Waters Corporation (NYSE:WAT) will hold its Q3 2022 financial results conference call live on Tuesday, November 1st 2022 at 8:00 a.m. eastern time. A live webcast of the presentation will be available on Waters' investor relations website at https://ir.waters.com. A replay of the webcast will also be available until at least November 15th, 2022, at midnight eastern time. About Waters Corporation Waters Corporation (NYSE:WAT), a global leader in analytical instru",https://www.businesswire.com/news/home/20221005005763/en/Waters-Corporation-Schedules-Third-Quarter-2022-Earnings-Conference-Call/
WAT,2022-08-02 12:59:06,Waters Corporation (WAT) CEO Udit Batra on Q2 2022 Results - Earnings Call Transcript,https://cdn.snapi.dev/images/v1/m/z/transcript29-1482456.jpg,Seeking Alpha,"Waters Corporation (NYSE:WAT ) Q2 2022 Earnings Conference Call August 2, 2022 8:00 AM ET Company Participants Caspar Tudor - Manager of IR Udit Batra - President & CEO Amol Chaubal - SVP & CFO Conference Call Participants Vijay Kumar - Evercore Luke Sergott - Barclays Daniel Brenna - Cowen Matthew Sykes - Goldman Sachs Josh Waldman - Cleveland Research Rachel Vatnsdal - JPMorgan Derik De Bruin - Bank of America Puneet Souda - SVB Securities Brandon Couillard - Jefferies Patrick Donnelly - Citi Operator Good morning. Welcome to the Waters Corporation Second Quarter 2022 Financial Results Conference Call.",https://seekingalpha.com/article/4528674-waters-corporation-wat-ceo-udit-batra-on-q2-2022-results-earnings-call-transcript
WAT,2022-08-02 12:50:23,"Waters (WAT) Q2 Earnings & Sales Surpass Estimates, Rise Y/Y",https://cdn.snapi.dev/images/v1/m/1/medical29-1482438.jpg,Zacks Investment Research,"Waters' (WAT) second-quarter results reflect gains from a strong momentum across pharmaceutical and industrial end-markets, and geographical regions.",https://www.zacks.com/stock/news/1962347/waters-wat-q2-earnings-sales-surpass-estimates-rise-y-y
WAT,2022-08-02 09:50:51,Waters (WAT) Beats Q2 Earnings and Revenue Estimates,https://cdn.snapi.dev/images/v1/q/p/medical23-1481875.jpg,Zacks Investment Research,"Waters (WAT) delivered earnings and revenue surprises of 4.56% and 1.24%, respectively, for the quarter ended June 2022. Do the numbers hold clues to what lies ahead for the stock?",https://www.zacks.com/stock/news/1961885/waters-wat-beats-q2-earnings-and-revenue-estimates
WAT,2022-07-11 10:33:00,Waters Corporation Schedules Second Quarter 2022 Earnings Conference Call,https://cdn.snapi.dev/images/v1/0/1/conf4-1446893.jpg,Business Wire,"MILFORD, Mass.--(BUSINESS WIRE)--Waters Corporation (NYSE:WAT) will hold its Q2 2022 financial results conference call live on Tuesday, August 2nd 2022 at 8:00 a.m. eastern time. A live webcast of the presentation will be available on Waters' investor relations website at https://ir.waters.com. A replay of the webcast will also be available until at least August 16th 2022 at midnight eastern time. About Waters Corporation Waters Corporation (NYSE:WAT), a global leader in analytical instruments",https://www.businesswire.com/news/home/20220711005583/en/Waters-Corporation-Schedules-Second-Quarter-2022-Earnings-Conference-Call/
WAT,2022-07-04 11:15:23,7 Stocks to Buy for a Summer Rally,https://cdn.snapi.dev/images/v1/5/k/5kkk2-1439080.jpg,InvestorPlace,These are seven great stocks to buy in anticipation for the start of an up move in share value in the coming weeks.,https://investorplace.com/stocks-to-buy-for-summer-rally/
WAT,2022-06-22 12:20:14,3 Stocks to Watch on Rising Demand for Scientific Instruments,https://cdn.snapi.dev/images/v1/b/5/medical14-1425714.jpg,Zacks Investment Research,"The Zacks Instruments - Scientific industry participants like Mettler-Toledo (MTD), Waters (WAT) and Bruker (BRKR) are gaining from strong life science, pharmaceutical and academic end-market demand, as well as rising healthcare spending.",https://www.zacks.com/commentary/1942136/3-stocks-to-watch-on-rising-demand-for-scientific-instruments
WAT,2022-06-08 09:02:11,4 Stocks With Upgraded Broker Ratings to Consider Right Now,https://cdn.snapi.dev/images/v1/i/2/7blusy-1-1407943.jpg,Zacks Investment Research,"One must follow rating upgrades by brokers as they have a deeper understanding of the stocks. We choose PBF Energy (PBF), Genuine Parts (GPC), RingCentral (RNG) and Waters (WAT) as these witness ratings upgrades.",https://www.zacks.com/stock/news/1935921/4-stocks-with-upgraded-broker-ratings-to-consider-right-now
WAT,2022-05-23 14:57:10,Waters Corporation (WAT) CEO Dr. Udit Batra Hosts 2022 Investor Day Conference (Transcript),https://cdn.snapi.dev/images/v1/u/a/transcript6-1386837.jpg,Seeking Alpha,"Waters Corporation (NYSE:WAT ) 2022 Investor Day Conference Call May 19, 2022 10:00 AM ET Company Participants Caspar Tudor - Head IR Dr. Udit Batra - President and CEO Jon Pratt - SVP, Waters Division Jianqing Bennett - SVP, TA Instruments Division Amol Chaubal - SVP and CFO Conference Call Participants Derik De Bruin - Bank of America Vijay Kumar - Evercore Dan Brennan - Cowen Luke Sergott - Barclays Josh Waldman - Cleveland Research Puneet Souda - SVB Leerink Patrick Donnelly - Citi Rachel Vatnsdal - JPMorgan Matt Sykes - Goldman Sachs Caspar Tudor Hello, everyone. Good morning.",https://seekingalpha.com/article/4513883-waters-corporation-wat-ceo-dr-udit-batra-hosts-2022-investor-day-conference-transcript
WAT,2022-05-23 10:33:16,5 Stocks to Bet on Right Now on Upgraded Broker Ratings,https://cdn.snapi.dev/images/v1/m/0/asset-management1-1386292.jpg,Zacks Investment Research,"One must follow rating upgrades by brokers as they have a deeper understanding of the stocks. We pick Genuine Parts (GPC), RingCentral (RNG) Waters (WAT), PBF Energy (PBF) and Arthur J.",https://www.zacks.com/stock/news/1927728/5-stocks-to-bet-on-right-now-on-upgraded-broker-ratings
WAT,2022-05-16 11:17:15,Why Waters (WAT) is a Top Growth Stock for the Long-Term,https://cdn.snapi.dev/images/v1/g/k/medical21-1376016.jpg,Zacks Investment Research,"Whether you're a value, growth, or momentum investor, finding strong stocks becomes easier with the Zacks Style Scores, a top feature of the Zacks Premium research service.",https://www.zacks.com/stock/news/1924705/why-waters-wat-is-a-top-growth-stock-for-the-long-term
WAT,2022-05-03 14:05:17,Why Waters Corp Shares Are Surging Today,https://cdn.snapi.dev/images/v1/i/m/medical22-1351499.jpg,Benzinga,"Waters Corp (NYSE: WAT) reported first-quarter FY22 revenue growth of 16% year-on-year in CC to $690.6 million, above the consensus of $632.8 million. Sales into the pharmaceutical market increased 19% in CC, sales into the industrial market increased 17% in CC, and sales into the.",https://www.benzinga.com/news/earnings/22/05/26968697/waters-clocks-record-q1-backed-by-continued-demand-across-geographies-end-markets
WAT,2022-05-03 13:33:23,"Waters (WAT) Q1 Earnings Surpass Estimates, Sales Rise Y/Y",https://cdn.snapi.dev/images/v1/e/q/medical20-1351432.jpg,Zacks Investment Research,"Waters' (WAT) first-quarter results reflect gains from a strong momentum across pharmaceutical and industrial end-markets, and geographical regions.",https://www.zacks.com/stock/news/1914583/waters-wat-q1-earnings-surpass-estimates-sales-rise-y-y
WAT,2022-05-03 12:45:17,Waters Corporation (WAT) CEO Udit Batra on Q1 2022 Results - Earnings Call Transcript,https://cdn.snapi.dev/images/v1/7/a/transcript15-1351282.jpg,Seeking Alpha,"Waters Corporation (NYSE:WAT ) Q1 2022 Earnings Conference Call May 3, 2022 8:00 AM ET Company Participants Caspar Tudor - Manager of Investor Relations Udit Batra - President & Chief Executive Officer Amol Chaubal - Senior Vice President & Chief Financial Officer Conference Call Participants Vijay Kumar - Evercore ISI Rachel Vatnsdal - JPMorgan Dan Brennan - Cowen & Company Josh Waldman - Cleveland Research Puneet Souda - SVB Securities Matt Sykes - Goldman Sachs Jack Meehan - Nephron Research Dan Arias - Stifel Operator Good morning and welcome to the Waters Corporation First Quarter 2022 Financial Results Conference Call. All participants will be in a listen-only mode until the question-and-answer session of today's call.",https://seekingalpha.com/article/4506256-waters-corporation-wat-ceo-udit-batra-on-q1-2022-results-earnings-call-transcript
WAT,2022-05-03 09:47:45,Waters (WAT) Q1 Earnings and Revenues Beat Estimates,https://cdn.snapi.dev/images/v1/w/u/medical14-1350778.jpg,Zacks Investment Research,"Waters (WAT) delivered earnings and revenue surprises of 20.69% and 9.12%, respectively, for the quarter ended March 2022. Do the numbers hold clues to what lies ahead for the stock?",https://www.zacks.com/stock/news/1914178/waters-wat-q1-earnings-and-revenues-beat-estimates
WAT,2022-04-07 10:49:00,Waters Corporation Q1 2022 Financial Results Webcast Invitation,https://cdn.snapi.dev/images/v1/w/n/conf2-1311673.jpg,Business Wire,"MILFORD, Mass.--(BUSINESS WIRE)--Waters Corporation (NYSE:WAT) will webcast its Q1 2022 financial results conference call live on Tuesday, May 3rd 2022 at 8:00 a.m. eastern time. A live webcast of the presentation will be available on Waters' investor relations website at https://ir.waters.com. A replay of the webcast will also be available until at least May 17th 2022 at midnight eastern time. About Waters Corporation Waters Corporation (NYSE:WAT), the world's leading specialty measurement com",https://www.businesswire.com/news/home/20220407005779/en/Waters-Corporation-Q1-2022-Financial-Results-Webcast-Invitation/
WAT,2022-04-01 14:53:07,Waters (WAT) Expands Portfolio With Xevo TQ Absolute System,https://cdn.snapi.dev/images/v1/s/a/medical15-1303995.jpg,Zacks Investment Research,"Waters (WAT) unveils the Xevo TQ Absolute system, which is up to 15 times more sensitive, 45% smaller in size, and consumes up to 50% less electricity and gas supply.",https://www.zacks.com/stock/news/1891270/waters-wat-expands-portfolio-with-xevo-tq-absolute-system
WAT,2022-03-29 11:17:05,Here's Why Waters (WAT) is a Strong Momentum Stock,https://cdn.snapi.dev/images/v1/x/e/medical3-1297660.jpg,Zacks Investment Research,"Whether you're a value, growth, or momentum investor, finding strong stocks becomes easier with the Zacks Style Scores, a top feature of the Zacks Premium research service.",https://www.zacks.com/stock/news/1889110/here-s-why-waters-wat-is-a-strong-momentum-stock
WAT,2022-02-10 12:52:59,The Vanguard Health Care Fund's Top 5 Trades,https://cdn.snapi.dev/images/v1/d/q/653-1228312.jpg,GuruFocus,"The Vanguard Health Care Fund (Trades, Portfolio) released its fourth-quarter 2021 portfolio earlier this week.",https://www.gurufocus.com/news/1639898/the-vanguard-health-care-funds-top-5-trades
WAT,2022-02-04 20:01:39,Waters Corporation CEO discusses the importance of its data reporting software and state of biotech,https://cdn.snapi.dev/images/v1/m/q/waters-corporation-ceo-discusses-the-importance-of-its-data-reporting-software-and-state-of-biotech-1219700.jpg,CNBC Television,"Udit Batra, CEO and president of Waters Corporation, appeared on Friday's episode of ""Mad Money.""",https://www.youtube.com/watch?v=YPqYEsRgZIM
WAT,2022-02-01 16:09:57,"Waters (WAT) Q4 Earnings Beat Estimates, Revenues Rise Y/Y",https://cdn.snapi.dev/images/v1/w/t/medical2-1212564.jpg,Zacks Investment Research,Waters' (WAT) fourth-quarter results reflect gains from a strong momentum across end-markets and geographical regions.,https://www.zacks.com/stock/news/1860803/waters-wat-q4-earnings-beat-estimates-revenues-rise-y-y
WAT,2022-02-01 13:56:05,Waters Corporation (WAT) CEO Udit Batra on Q4 2021 Results - Earnings Call Transcript,https://cdn.snapi.dev/images/v1/b/d/transcript8-1212227.jpg,Seeking Alpha,Waters Corporation (WAT) CEO Udit Batra on Q4 2021 Results - Earnings Call Transcript,https://seekingalpha.com/article/4483274-waters-corporation-wat-ceo-udit-batra-on-q4-2021-results-earnings-call-transcript
WAT,2022-02-01 09:59:36,Waters (WAT) Tops Q4 Earnings and Revenue Estimates,https://cdn.snapi.dev/images/v1/m/e/medical23-1211612.jpg,Zacks Investment Research,"Waters (WAT) delivered earnings and revenue surprises of 5.76% and 1.97%, respectively, for the quarter ended December 2021. Do the numbers hold clues to what lies ahead for the stock?",https://www.zacks.com/stock/news/1860429/waters-wat-tops-q4-earnings-and-revenue-estimates
WAT,2022-01-25 16:10:49,Analysts Estimate Waters (WAT) to Report a Decline in Earnings: What to Look Out for,https://cdn.snapi.dev/images/v1/8/o/medical15-1200857.jpg,Zacks Investment Research,Waters (WAT) doesn't possess the right combination of the two key ingredients for a likely earnings beat in its upcoming report. Get prepared with the key expectations.,https://www.zacks.com/stock/news/1857188/analysts-estimate-waters-wat-to-report-a-decline-in-earnings-what-to-look-out-for
WAT,2022-01-13 12:19:10,Waters (WAT) Boosts Mass Spectrometry Via MS Quan Application,https://cdn.snapi.dev/images/v1/2/7/medical27-1185008.jpg,Zacks Investment Research,Waters (WAT) releases the MS Quan application on the waters_connect informatics software platform to help scientists efficiently screen large number of samples and contaminants.,https://www.zacks.com/stock/news/1851599/waters-wat-boosts-mass-spectrometry-via-ms-quan-application
WAT,2022-01-12 09:11:00,Waters Corporation Q4 2021 Financial Results Webcast Invitation,https://cdn.snapi.dev/images/v1/m/w/conf4-1182714.jpg,Business Wire,"MILFORD, Mass.--(BUSINESS WIRE)--Waters Corporation (NYSE:WAT) will webcast its Q4 2021 financial results conference call live on Tuesday, February 1st 2022 at 8:00 a.m. eastern time. A live webcast of the presentation will be available on Waters' investor relations website at https://ir.waters.com. A replay of the webcast will also be available until at least February 15th, 2022 at midnight eastern time. About Waters Corporation Waters Corporation (NYSE:WAT), the world's leading specialty meas",https://www.businesswire.com/news/home/20220112005624/en/Waters-Corporation-Q4-2021-Financial-Results-Webcast-Invitation/
WAT,2021-12-20 11:52:00,Waters Corporation Presentation at the 40th Annual J.P. Morgan Healthcare Conference to be Webcast Live,https://cdn.snapi.dev/images/v1/k/f/conf4-1157377.jpg,Business Wire,"MILFORD, Mass.--(BUSINESS WIRE)--Waters Corporation (NYSE:WAT) Udit Batra Ph.D., President and Chief Executive Officer, will speak to the investment community at the J.P. Morgan Healthcare Conference virtually on Monday, January 10th, 2022 at 8:15AM Eastern Standard Time. Interested investors can access the live webcast of the presentation on Waters' investor relations website at https://ir.waters.com. A replay of the webcast will be available for 30 days. About Waters Corporation Waters Corpor",https://www.businesswire.com/news/home/20211220005616/en/Waters-Corporation-Presentation-at-the-40th-Annual-J.P.-Morgan-Healthcare-Conference-to-be-Webcast-Live/
WAT,2021-12-02 18:09:07,The Most Popular Guru Buys of the 3rd Quarter,https://cdn.snapi.dev/images/v1/u/s/artificial-intelligence-identifies-novavax-inc-among-todays-trending-stocks-868966-1134493.jpg,GuruFocus,"In the third quarter of 2021, which ended on Sept. 30, U.S. stock markets kept marching steadily higher as the combination of easy monetary policy, economic recovery and inflation made stocks arguably the safest asset class to invest in.",https://www.gurufocus.com/news/1587976/the-most-popular-guru-buys-of-the-3rd-quarter
WAT,2021-11-17 13:27:00,Waters Corporation Presentation at the Evercore ISI HealthCONx 2021 Virtual Health Care Conference to Be Webcast Live,https://cdn.snapi.dev/images/v1/h/b/conf14-1113436.jpg,Business Wire,"MILFORD, Mass.--(BUSINESS WIRE)--Waters Corporation (NYSE:WAT) Udit Batra Ph.D., President and Chief Executive Officer, will speak to the investment community at the Evercore ISI 4th Annual HealthCONx Healthcare Conference virtually on Tuesday, November 30th, 2021 at 12:10PM Eastern Standard Time. Interested investors can access the live webcast of the presentation on Waters' investor relations website at https://ir.waters.com. A replay of the webcast will be available for 90 days. About Waters",https://www.businesswire.com/news/home/20211117006220/en/Waters-Corporation-Presentation-at-the-Evercore-ISI-HealthCONx-2021-Virtual-Health-Care-Conference-to-Be-Webcast-Live/
WAT,2021-11-02 18:24:07,"Waters (WAT) Q3 Earnings & Revenues Beat Estimates, Rise Y/Y",https://cdn.snapi.dev/images/v1/a/c/medical6-1083526.jpg,Zacks Investment Research,Waters' (WAT) third-quarter results reflect gains from strong momentum across pharmaceutical and industrial end-markets.,https://www.zacks.com/stock/news/1822181/waters-wat-q3-earnings-revenues-beat-estimates-rise-y-y
WAT,2021-11-02 13:02:13,Waters Corporation (WAT) CEO Udit Batra on Q3 2021 Results - Earnings Call Transcript,https://cdn.snapi.dev/images/v1/e/n/transcript33-1082378.jpg,Seeking Alpha,Waters Corporation (WAT) CEO Udit Batra on Q3 2021 Results - Earnings Call Transcript,https://seekingalpha.com/article/4464485-waters-corporation-wat-ceo-udit-batra-on-q3-2021-results-earnings-call-transcript
WAT,2021-10-27 11:25:06,Waters (WAT) to Report Q3 Earnings: What's in the Cards?,https://cdn.snapi.dev/images/v1/y/i/medical10-1070622.jpg,Zacks Investment Research,Waters' (WAT) third-quarter 2021 results are likely to reflect strength across liquid chromatography instruments and mass spectrometers.,https://www.zacks.com/stock/news/1817573/waters-wat-to-report-q3-earnings-what-s-in-the-cards
WAT,2021-10-07 16:30:00,Waters Corporation Q3 2021 Financial Results Webcast Invitation,https://cdn.snapi.dev/images/v1/h/c/conf2-1040508.jpg,Business Wire,"MILFORD, Mass.--(BUSINESS WIRE)--Waters Corporation (NYSE:WAT) will webcast its Q3 2021 financial results conference call live on Tuesday, November 2nd, 2021 at 8:00 a.m. eastern time. Interested investors can access the live webcast of the presentation on Waters' investor relations website at https://ir.waters.com. A replay of the webcast will be available until November 16th, 2021 at midnight eastern time. About Waters Corporation Waters Corporation (NYSE:WAT), the world's leading specialty m",https://www.businesswire.com/news/home/20211007006011/en/Waters-Corporation-Q3-2021-Financial-Results-Webcast-Invitation/
WAT,2021-10-04 11:49:20,3 Stocks to Watch on Rising Demand for Scientific Instruments,https://cdn.snapi.dev/images/v1/6/5/medical5-1033749.jpg,Zacks Investment Research,"The Zacks Instruments - Scientific industry participants like Mettler-Toledo (MTD), PerkinElmer (PKI) and Waters Corporation (WAT) are gaining from strong life science, pharmaceutical and academic end-market demand as well as rising healthcare spending.",https://www.zacks.com/commentary/1804353/3-stocks-to-watch-on-rising-demand-for-scientific-instruments
WAT,2021-09-15 12:59:25,Waters (WAT) BioAccord System to Expand Portfolio Offerings,https://cdn.snapi.dev/images/v1/z/9/medical6-1009111.jpg,Zacks Investment Research,Waters (WAT) introduces Waters BioAccord System with ACQUITY Premier for seamless monitoring of attributes of biotherapeutics.,https://www.zacks.com/stock/news/1796788/waters-wat-bioaccord-system-to-expand-portfolio-offerings
WAT,2021-09-09 10:35:03,Adobe Inc Ranked Among Today's Top Buys Amid Lower-Than-Expected Jobless Claims,https://cdn.snapi.dev/images/v1/k/7/adobe-inc-ranked-among-todays-top-buys-amid-lower-than-expected-jobless-claims-1000536.jpg,Forbes,"The Dow Jones dipped about 40 points, and the S&P 500 was flat. Meanwhile, the Nasdaq continued mild gains.",https://www.forbes.com/sites/qai/2021/09/09/adobe-inc-ranked-among-todays-top-buys-amid-lower-than-expected-jobless-claims/
WAT,2021-09-02 10:43:00,Waters to Present at the Bank of America Global Healthcare Conference 2021,https://cdn.snapi.dev/images/v1/z/k/conf1-991872.jpg,Business Wire,"MILFORD, Mass.--(BUSINESS WIRE)--Waters Corporation (NYSE:WAT) Udit Batra Ph.D., President and Chief Executive Officer, will present at the Bank of America Global Healthcare Conference 2021 virtually on Thursday, September 16th, 2021 at 3:55PM BST (UTC+1) / 10:55AM Eastern Time. Interested investors can access the live webcast of the presentation on Waters' investor relations website at https://ir.waters.com. About Waters Corporation Waters Corporation (NYSE:WAT), the world's leading specialty",https://www.businesswire.com/news/home/20210902005566/en/Waters-to-Present-at-the-Bank-of-America-Global-Healthcare-Conference-2021/
WAT,2021-09-01 13:01:00,Waters to Participate in a Virtual Fireside Chat at Morgan Stanley's 19th Annual Global Healthcare Conference,https://cdn.snapi.dev/images/v1/g/a/conf11-990027.jpg,Business Wire,"MILFORD, Mass.--(BUSINESS WIRE)--Waters Corporation (NYSE:WAT) Udit Batra Ph.D., President and Chief Executive Officer, will participate in a virtual fireside chat at Morgan Stanley's 19th Annual Global Healthcare on Tuesday, September 14th, 2021 at 8:45AM Eastern Standard Time. Interested investors can access the live webcast of the presentation on Waters' investor relations website at https://ir.waters.com . About Waters Corporation Waters Corporation (NYSE:WAT), the world's leading specialty",https://www.businesswire.com/news/home/20210901005842/en/Waters-to-Participate-in-a-Virtual-Fireside-Chat-at-Morgan-Stanleys-19th-Annual-Global-Healthcare-Conference/
WAT,2021-08-09 13:53:28,Can Waters (WAT) Run Higher on Rising Earnings Estimates?,https://cdn.snapi.dev/images/v1/j/c/medical20-955384.jpg,Zacks Investment Research,"Waters (WAT) shares have started gaining and might continue moving higher in the near term, as indicated by solid earnings estimate revisions.",https://www.zacks.com/stock/news/1777024/can-waters-wat-run-higher-on-rising-earnings-estimates
WAT,2021-08-03 14:38:06,Waters Corporation's (WAT) CEO Udit Batra on Q2 2021 Results - Earnings Call Transcript,https://cdn.snapi.dev/images/v1/k/g/transcript8-943501.jpg,Seeking Alpha,Waters Corporation's (WAT) CEO Udit Batra on Q2 2021 Results - Earnings Call Transcript,https://seekingalpha.com/article/4444459-waters-corporations-wat-ceo-udit-batra-on-q2-2021-results-earnings-call-transcript
WAT,2021-08-03 06:50:00,Waters Corporation (NYSE: WAT) Reports Second Quarter 2021 Financial Results,https://cdn.snapi.dev/images/v1/j/y/press11-941899.jpg,Business Wire,"MILFORD, Mass.--(BUSINESS WIRE)--Waters Corporation (NYSE: WAT) today announced second quarter 2021 sales of $682 million, a 31% increase as reported, compared to sales of $520 million for the second quarter of 2020. Foreign currency translation benefited sales growth by approximately 4% for the quarter. On a GAAP basis, diluted earnings per share (EPS) for the second quarter of 2021 increased to $2.69, compared to $1.98 for the second quarter of 2020. On a non-GAAP basis, EPS increased to $2.6",https://www.businesswire.com/news/home/20210803005186/en/Waters-Corporation-NYSE-WAT-Reports-Second-Quarter-2021-Financial-Results/
WAT,2021-07-30 12:55:20,Waters (WAT) to Report Q2 Earnings: What's in the Cards?,https://cdn.snapi.dev/images/v1/e/9/medical1-937690.jpg,Zacks Investment Research,Waters' (WAT) second-quarter 2021 results are likely to reflect strength across liquid chromatography instruments and mass spectrometers.,https://www.zacks.com/stock/news/1771807/waters-wat-to-report-q2-earnings-what-s-in-the-cards
WAT,2021-07-23 10:44:11,Why Waters (WAT) is a Top Momentum Stock for the Long-Term,https://cdn.snapi.dev/images/v1/1/l/medical10-922938.jpg,Zacks Investment Research,"Wondering how to pick strong, market-beating stocks for your investment portfolio? Look no further than the Zacks Style Scores.",https://www.zacks.com/stock/news/1766778/why-waters-wat-is-a-top-momentum-stock-for-the-long-term
WAT,2021-07-20 14:39:08,Here's Why You Should Invest in Water ETFs,https://cdn.snapi.dev/images/v1/1/w/etf5-916085.jpg,Zacks Investment Research,Water sustainability is a growing concern for many investors,https://www.zacks.com/stock/news/1764433/here-s-why-you-should-invest-in-water-etfs
WAT,2021-07-07 15:25:00,Waters Corporation Q2 2021 Financial Results Webcast Invitation,https://cdn.snapi.dev/images/v1/q/6/conf1-897926.jpg,Business Wire,"MILFORD, Mass.--(BUSINESS WIRE)--Waters Corporation (NYSE:WAT) will webcast its Q2 2021 financial results conference call live on Tuesday August 3rd, 2021 at 8:00 a.m. eastern time. To listen to the conference call, connect to Waters' website, www.waters.com choose “Investors” and click on the Live Webcast. A replay of the webcast will be available until August 10th, 2021 at midnight eastern time. About Waters Corporation Waters Corporation (NYSE:WAT), the world's leading specialty measurement",https://www.businesswire.com/news/home/20210707005860/en/Waters-Corporation-Q2-2021-Financial-Results-Webcast-Invitation/
WAT,2021-07-02 12:02:13,Waters (WAT) Boosts Thermal Analysis With Latest Software,https://cdn.snapi.dev/images/v1/p/5/medical9-893157.jpg,Zacks Investment Research,Waters (WAT) strengthens the product portfolio by introducing TRIOS AutoPilot software for the thermal analyzer product line.,https://www.zacks.com/stock/news/1757187/waters-wat-boosts-thermal-analysis-with-latest-software
WAT,2021-06-28 02:00:00,Waters to Help Accelerate Biologics Production Through Research Collaboration With Singapore's Bioprocessing Technology Institute,https://cdn.snapi.dev/images/v1/h/d/press7-884647.jpg,Business Wire,"MILFORD, Mass. & SINGAPORE--(BUSINESS WIRE)---- $WAT #bioinformatics--Waters expands collaboration with Singapore's Bioprocessing Technology Institute, A*STAR to accelerate bioprocessing and bioinformatics research.",https://www.businesswire.com/news/home/20210627005019/en/Waters-to-Help-Accelerate-Biologics-Production-Through-Research-Collaboration-With-Singapore%E2%80%99s-Bioprocessing-Technology-Institute/
WAT,2021-06-17 12:02:18,Waters (WAT) Expands Reach to Scientists Via Latest Launch,https://cdn.snapi.dev/images/v1/x/z/medical20-873131.jpg,Zacks Investment Research,Waters (WAT) expands the product portfolio by introducing Arc Premier System for chromatographic separations.,https://www.zacks.com/stock/news/1722646/waters-wat-expands-reach-to-scientists-via-latest-launch
WAT,2021-06-08 15:12:00,Waters Sets New Standard in High Resolution Mass Spectrometry with SELECT SERIES Multi Reflecting Time-of-Flight Platform,https://cdn.snapi.dev/images/v1/a/h/press10-860031.jpg,Business Wire,"MILFORD, Mass.--(BUSINESS WIRE)-- #imagingmassspec--Waters Sets New Standard in High Resolution Mass Spectrometry with the Introduction of the SELECT SERIES Multi Reflecting Time-of-Flight Platform",https://www.businesswire.com/news/home/20210608006036/en/Waters-Sets-New-Standard-in-High-Resolution-Mass-Spectrometry-with-SELECT-SERIES-Multi-Reflecting-Time-of-Flight-Platform/
WAT,2021-05-17 15:31:39,IYH: Healthcare Dashboard For May,https://cdn.snapi.dev/images/v1/p/p/drugs41-827728.jpg,Seeking Alpha,IYH: Healthcare Dashboard For May,https://seekingalpha.com/article/4429406-iyh-healthcare-dashboard-for-may
WAT,2021-05-05 14:02:07,Waters Corporation's (WAT) CEO Udit Batra on Q1 2021 Results - Earnings Call Transcript,https://cdn.snapi.dev/images/v1/s/m/transcript50-805789.jpg,Seeking Alpha,Waters Corporation's (WAT) CEO Udit Batra on Q1 2021 Results - Earnings Call Transcript,https://seekingalpha.com/article/4424596-waters-corporations-wat-ceo-udit-batra-on-q1-2021-results-earnings-call-transcript
WAT,2021-05-05 07:18:20,Recap: Waters Q1 Earnings,https://cdn.snapi.dev/images/v1/m/e/medical27-804395.jpg,Benzinga,"Shares of Waters (NYSE:WAT) rose 1.7% in pre-market trading after the company reported Q1 results. Quarterly Results Earnings per share increased 99.13% over the past year to $2.29, which beat the estimate of $1.57.",https://www.benzinga.com/news/earnings/21/05/20959931/recap-waters-q1-earnings
WAT,2021-05-05 06:50:00,Waters Corporation (NYSE: WAT) Reports First Quarter 2021 Financial Results,https://cdn.snapi.dev/images/v1/2/u/press18-804263.jpg,Business Wire,"MILFORD, Mass.--(BUSINESS WIRE)--Waters Corporation (NYSE: WAT) today announced first quarter 2021 sales of $609 million, a 31% increase as reported, compared to sales of $465 million for the first quarter of 2020. Foreign currency translation benefited sales growth by approximately 4% for the quarter. On a GAAP basis, diluted earnings per share (EPS) for the first quarter of 2021 increased to $2.37, compared to $0.86 for the first quarter of 2020. On a non-GAAP basis, EPS increased to $2.29, c",https://www.businesswire.com/news/home/20210505005130/en/Waters-Corporation-NYSE-WAT-Reports-First-Quarter-2021-Financial-Results/
WAT,2021-05-04 08:17:16,Top 6 Corporate Bigwigs Poised to Beat on Earnings This Week,https://cdn.snapi.dev/images/v1/r/w/data-internet27-801649.jpg,Zacks Investment Research,"Six corporate bigwigs with a favorable Zacks Rank are set to beat the earnings estimates this week. These are: EC, CDW, FOXA, SLF, FICO and WAT.",https://www.zacks.com/stock/news/1498371/top-6-corporate-bigwigs-poised-to-beat-on-earnings-this-week
WAT,2021-04-29 16:39:00,Waters Corporation Presentation at the Bank of America Securities 2021 Virtual Health Care Conference to Be Audio Webcast Live,https://cdn.snapi.dev/images/v1/3/e/conf4-794915.jpg,Business Wire,"MILFORD, Mass.--(BUSINESS WIRE)--Waters Corporation (NYSE:WAT) Udit Batra Ph.D., President and Chief Executive Officer, will speak to the investment community at the Bank of America Securities 2021 Virtual Health Care Conference on Wednesday, May 12th, 2021 at 2:00PM Eastern Standard Time. Interested investors can access the live webcast of the presentation by logging on to Waters Corporation's website www.waters.com in the investor relations' section and clicking on “Bank of America Securities",https://www.businesswire.com/news/home/20210429006137/en/Waters-Corporation-Presentation-at-the-Bank-of-America-Securities-2021-Virtual-Health-Care-Conference-to-Be-Audio-Webcast-Live/
WAT,2021-04-28 13:47:52,Waters (WAT) Reports Next Week: Wall Street Expects Earnings Growth,https://cdn.snapi.dev/images/v1/z/g/medical1-790679.jpg,Zacks Investment Research,Waters (WAT) possesses the right combination of the two key ingredients for a likely earnings beat in its upcoming report. Get prepared with the key expectations.,https://www.zacks.com/stock/news/1468075/waters-wat-reports-next-week-wall-street-expects-earnings-growth
WAT,2021-04-12 13:00:00,Waters Corporation Q1 2021 Financial Results Webcast Invitation,https://cdn.snapi.dev/images/v1/g/t/conf15-762001.jpg,Business Wire,"MILFORD, Mass.--(BUSINESS WIRE)--Waters Corporation (NYSE:WAT) will webcast its Q1 2021 financial results conference call live on Wednesday, May 5th, 2021 at 8:00 a.m. eastern time. To listen to the conference call, connect to Waters' website, www.waters.com choose “Investors” and click on the Live Webcast. A replay of the webcast will be available until May 12th, 2021 at midnight eastern time. About Waters Corporation Waters Corporation (NYSE:WAT), the world's leading specialty measurement com",https://www.businesswire.com/news/home/20210412005806/en/Waters-Corporation-Q1-2021-Financial-Results-Webcast-Invitation/
WAT,2021-02-24 08:30:00,Waters and TetraScience Partner to Deliver New Levels of Data Access and Insights with Empower Data Science Link,https://cdn.snapi.dev/images/v1/e/w/press12---gken66xmnu.jpg,Business Wire,"MILFORD, Mass.--(BUSINESS WIRE)--Waters Corporation (NYSE:WAT) today announced it has entered a reseller agreement with TetraScience, a cloud technology innovator powering transformational changes in life sciences R&D. Through the partnership, Waters will now offer its customers the Empower™ Data Science Link, powered by TetraScience. This unique technology pairs Waters' industry-leading, compliance-ready Empower Chromatography Data System (CDS) with TetraScience's Data Platform and data sc",https://www.businesswire.com/news/home/20210224005099/en/Waters-and-TetraScience-Partner-to-Deliver-New-Levels-of-Data-Access-and-Insights-with-Empower-Data-Science-Link/
WAT,2021-02-16 14:30:00,Waters Corporation Presentation at the 41st Annual Cowen Healthcare Conference to Be Audio Webcast Live,https://cdn.snapi.dev/images/v1/i/f/conf8---bqmee4s9jv.jpg,Business Wire,"MILFORD, Mass.--(BUSINESS WIRE)--Waters Corporation (NYSE:WAT) Udit Batra Ph.D., President and Chief Executive Officer, will speak to the investment community at the Cowen Healthcare Conference virtually on Wednesday, March 3rd, 2021 at 2:40PM Eastern Standard Time. Interested investors can access the live webcast of the presentation by logging on to Waters Corporation's website www.waters.com in the investor relations' section and clicking on “Cowen Healthcare Conference.” About Waters Corpora",https://www.businesswire.com/news/home/20210216006079/en/Waters-Corporation-Presentation-at-the-41st-Annual-Cowen-Healthcare-Conference-to-Be-Audio-Webcast-Live/
WAT,2021-02-03 15:54:03,These 5 Buy-Ranked Companies Just Posted Solid Earnings Beats,https://cdn.snapi.dev/images/v1/m/t/asset-management36.jpg,Zacks Investment Research,Buy-ranked stocks that just reported positive surprises are what you should be buying.,https://www.zacks.com/stock/news/1257050/these-5-buy-ranked-companies-just-posted-solid-earnings-beats
WAT,2021-02-02 12:07:12,"Waters (WAT) Q4 Earnings Beat Estimates, Revenues Rise Y/Y",https://cdn.snapi.dev/images/v1/y/m/medical14.jpg,Zacks Investment Research,"Waters' (WAT) fourth-quarter 2020 results reflect benefits from strong momentum across the Americas and Europe, and strong performance in the pharmaceutical and industrial market.",https://www.zacks.com/stock/news/1256068/waters-wat-q4-earnings-beat-estimates-revenues-rise-y-y
WAT,2021-02-02 09:06:15,Waters (WAT) Q4 Earnings and Revenues Beat Estimates,https://cdn.snapi.dev/images/v1/t/p/medical8.jpg,Zacks Investment Research,"Waters (WAT) delivered earnings and revenue surprises of 27.18% and 10.63%, respectively, for the quarter ended December 2020. Do the numbers hold clues to what lies ahead for the stock?",https://www.zacks.com/stock/news/1255752/waters-wat-q4-earnings-and-revenues-beat-estimates
WAT,2021-02-02 06:50:00,Waters Corporation (NYSE: WAT) Reports Fourth Quarter and Full-Year 2020 Financial Results,https://cdn.snapi.dev/images/v1/7/d/press8---5vuf81vd6p.jpg,Business Wire,"MILFORD, Mass.--(BUSINESS WIRE)--Waters Corporation (NYSE: WAT) today announced fourth quarter 2020 sales of $787 million, a 10% increase as reported, compared to sales of $716 million for the fourth quarter of 2019. Foreign currency translation benefited sales growth by approximately 3% for the quarter. On a GAAP basis, diluted earnings per share (EPS) for the fourth quarter of 2020 increased to $3.49, compared to $3.12 for the fourth quarter of 2019. On a non-GAAP basis, EPS increased to $3.6",https://www.businesswire.com/news/home/20210202005216/en/Waters-Corporation-NYSE-WAT-Reports-Fourth-Quarter-and-Full-Year-2020-Financial-Results/
WAT,2021-02-01 10:37:20,Is a Surprise Coming for Waters Corp (WAT) This Earnings Season?,https://cdn.snapi.dev/images/v1/k/y/medical4.jpg,Zacks Investment Research,Waters Corp (WAT) is seeing favorable earnings estimate revision activity and has a positive Zacks Earnings ESP heading into earnings season.,https://www.zacks.com/stock/news/1255154/is-a-surprise-coming-for-waters-corp-wat-this-earnings-season
WAT,2021-01-28 13:00:00,Waters Corporation Recognized for Commitment to Diversity and Inclusion by the Human Rights Campaign Foundation,https://cdn.snapi.dev/images/v1/e/h/press6---ly0kixla2w.jpg,Business Wire,"MILFORD, Mass.--(BUSINESS WIRE)--Waters Corporation (NYSE:WAT) today announced that it received a score of 95 out of 100 on the 2021 Corporate Equality Index (CEI), the Human Rights Campaign Foundation's annual scorecard for LGBTQ workplace equality. This first-time recognition for Waters is a testament to the company's ongoing global commitment to diversity and inclusion. The Human Rights Campaign Foundation's CEI is the nation's foremost benchmarking survey and report measuring corporate poli",https://www.businesswire.com/news/home/20210128005919/en/Waters-Corporation-Recognized-for-Commitment-to-Diversity-and-Inclusion-by-the-Human-Rights-Campaign-Foundation/
WAT,2021-01-28 12:47:40,Waters (WAT) to Report Q4 Earnings: What's in the Offing?,https://cdn.snapi.dev/images/v1/r/7/medical2.jpg,Zacks Investment Research,Waters' (WAT) fourth-quarter 2020 results are likely to reflect the impacts of product introductions and large molecule strength.,https://www.zacks.com/stock/news/1253433/waters-wat-to-report-q4-earnings-whats-in-the-offing
WAT,2021-01-21 12:49:56,4 Stocks to Watch on Rising Demand for Scientific Instruments,https://cdn.snapi.dev/images/v1/f/u/medical20.jpg,Zacks Investment Research,4 Stocks to Watch on Rising Demand for Scientific Instruments,https://www.zacks.com/commentary/1249835/4-stocks-to-watch-on-rising-demand-for-scientific-instruments
WAT,2021-01-19 14:31:00,Waters Corporation Q4 2020 Financial Results Webcast Invitation,https://cdn.snapi.dev/images/v1/3/n/conf14.jpg,Business Wire,"MILFORD, Mass.--(BUSINESS WIRE)--Waters Corporation (NYSE:WAT) will webcast its Q4 2020 financial results conference call live on Tuesday, February 2, 2021 at 8:00 a.m. eastern time. To listen to the conference call, connect to Waters' website, www.waters.com choose “Investors” and click on the Live Webcast. A replay of the webcast will be available until Feb 9, 2021 at midnight eastern time. About Waters Corporation Waters Corporation (NYSE:WAT), the world's leading specialty measurement compa",https://www.businesswire.com/news/home/20210119005997/en/Waters-Corporation-Q4-2020-Financial-Results-Webcast-Invitation/
WAT,2021-01-04 13:45:00,Waters Corporation Presentation at the 39th Annual J.P. Morgan Healthcare Conference to Be Audio Webcast Live,https://cdn.snapi.dev/images/v1/a/4/conf17.jpg,Business Wire,"MILFORD, Mass.--(BUSINESS WIRE)--Waters Corporation (NYSE:WAT) Udit Batra Ph.D., President and Chief Executive Officer, will speak to the investment community at the J.P. Morgan Healthcare Conference virtually on Tuesday, January 12th, 2021 at 8:20AM Eastern Standard Time. Interested investors can access the live webcast of the presentation by logging on to Waters Corporation's website www.waters.com in the investor relations' section and clicking on “J.P. Morgan Healthcare Conference.” About W",https://www.businesswire.com/news/home/20210104005699/en/Waters-Corporation-Presentation-at-the-39th-Annual-J.P.-Morgan-Healthcare-Conference-to-Be-Audio-Webcast-Live/
WAT,2020-12-10 07:30:00,Waters Corporation Appoints Pearl S. Huang to Board of Directors,https://cdn.snapi.dev/images/v1/x/s/press10---wjpcfomyx7.jpg,Business Wire,"MILFORD, Mass.--(BUSINESS WIRE)--Waters Corporation (NYSE:WAT) today announced that Dr. Pearl S. Huang, President and CEO of Cygnal Therapeutics and venture partner at Flagship Pioneering, has been appointed as a Director of Waters Corporation, effective January 1, 2021. “We are pleased to welcome Pearl to the Waters Board of Directors,” said Dr. Flemming Ornskov, Chairman of the Board. “Pearl is a distinguished executive with significant scientific expertise in the discovery of biologics, smal",https://www.businesswire.com/news/home/20201210005237/en/Waters-Corporation-Appoints-Pearl-S.-Huang-to-Board-of-Directors/
WAT,2020-12-08 18:00:00,Waters Collaborates with Dr. Sunghwan Kim of Kyungpook National University to Advance Precision Analysis of Complex Chemical Compounds,https://cdn.snapi.dev/images/v1/5/l/press9---qksyxpessn.jpg,Business Wire,"DAEGU, South Korea--(BUSINESS WIRE)--Waters Corporation (NYSE:WAT) has formally expanded its long-standing, collaborative relationship with Dr. Sunghwan Kim of Kyungpook National University to further explore the use of Waters' cutting-edge ion mobility spectrometry (IMS) in the investigation of compounds in complex mixtures. Identifying unknown chemicals in complex organic media at the molecular level has become an important but difficult research topic in modern analytical chemistry. For exam",https://www.businesswire.com/news/home/20201208006033/en/Waters-Collaborates-with-Dr.-Sunghwan-Kim-of-Kyungpook-National-University-to-Advance-Precision-Analysis-of-Complex-Chemical-Compounds/
WAT,2020-12-03 06:59:00,Waters Corporation Announces CFO Transition,https://cdn.snapi.dev/images/v1/n/u/press15---rbejrluksh.jpg,Business Wire,"MILFORD, Mass.--(BUSINESS WIRE)--Waters Corporation (NYSE:WAT) today announced that Sherry Buck will step down as Chief Financial Officer, effective December 31, 2020, in order to pursue another opportunity at a privately held company. Upon her departure, Michael F. Silveira, Vice President and Corporate Controller of Waters, will assume the role of interim Chief Financial Officer. Ms. Buck will work alongside Mr. Silveira in order to facilitate a smooth transition. Waters has been actively wor",https://www.businesswire.com/news/home/20201203005287/en/Waters-Corporation-Announces-CFO-Transition/
WAT,2020-12-02 01:09:08,Waters: Analyze This,https://cdn.snapi.dev/images/v1/w/g/medical1---tn6nebemtz.jpg,Seeking Alpha,"Waters Corporation occupies a leading position in attractive markets. Historically, the company has outperformed the S&P 500 by a wide margin.",https://seekingalpha.com/article/4392457-waters-analyze-this
WAT,2020-10-28 09:53:12,BofA Securities Top 10 US Stock Ideas for the Rest of 2021,https://cdn.snapi.dev/images/v1/g/6/etf24-13.jpg,24/7 Wall Street,"It is almost hard to believe, in what has been one of the most unbelievable years in recent history, that Halloween is this weekend and Thanksgiving is right around the corner.",https://247wallst.com/investing/2020/10/28/bofa-securities-top-10-us-stock-ideas-for-the-rest-of-2021/
WAT,2020-10-27 15:06:10,Waters Corporation (WAT) CEO Udit Batra on Q3 2020 Results - Earnings Call Transcript,https://cdn.snapi.dev/images/v1/x/9/transcript26.jpg,Seeking Alpha,Waters Corporation (WAT) CEO Udit Batra on Q3 2020 Results - Earnings Call Transcript,https://seekingalpha.com/article/4381777-waters-corporation-wat-ceo-udit-batra-on-q3-2020-results-earnings-call-transcript
